{"nodes":{"node:1":{"location":{"x":-2930,"y":-1221}}},"selection":null,"view":{"scroll":{"x":-3502.106201171875,"y":-1680.4906005859375},"visible_rect":{"max":{"x":-2534.106201171875,"y":-1048.4906005859375},"min":{"x":-3502.106201171875,"y":-1680.4906005859375}},"zoom":1}}