{"nodes":{"node:1110":{"location":{"x":-754,"y":-438}},"node:15":{"location":{"x":-674,"y":-12}},"node:18":{"location":{"x":520,"y":-385}},"node:2":{"location":{"x":46,"y":-189}},"node:21":{"location":{"x":632,"y":-177}},"node:26":{"location":{"x":254,"y":-12}},"node:28":{"location":{"x":222,"y":-492}},"node:9":{"location":{"x":-79,"y":111}}},"selection":["node:1110"],"view":{"scroll":{"x":-422.17340087890625,"y":-385.602996826171875},"visible_rect":{"max":{"x":1902.5048828125,"y":764.83941650390625},"min":{"x":-1279.3133544921875,"y":-1168.493896484375}},"zoom":0.330000013113021851}}